<keymap version="1" name="EclipseForDaeJun" parent="Eclipse">
  <action id="ActivateBuildToolWindow">
    <keyboard-shortcut first-keystroke="alt b" />
  </action>
  <action id="ActivateTerminalToolWindow">
    <keyboard-shortcut first-keystroke="alt 3" />
  </action>
  <action id="Android.SyncProject">
    <keyboard-shortcut first-keystroke="shift ctrl alt u" />
  </action>
  <action id="CleanGradleProject">
    <keyboard-shortcut first-keystroke="alt c" />
  </action>
  <action id="Generate">
    <keyboard-shortcut first-keystroke="shift ctrl alt f10" />
  </action>
  <action id="ManageRecentProjects">
    <keyboard-shortcut first-keystroke="shift ctrl alt o" />
  </action>
  <action id="SplitHorizontally">
    <keyboard-shortcut first-keystroke="ctrl alt numpad2" />
  </action>
  <action id="SplitVertically">
    <keyboard-shortcut first-keystroke="ctrl alt numpad1" />
  </action>
  <action id="UpdateRunningApplication" />
  <action id="android.deploy.ApplyChanges">
    <keyboard-shortcut first-keystroke="ctrl f10" />
  </action>
  <action id="android.deploy.CodeSwap">
    <keyboard-shortcut first-keystroke="ctrl alt f10" />
  </action>
</keymap>